{
  "Qwen/Qwen3-8B": {
    "tp_min": 1,
    "t_wake_s": 1.6133843949995936,
    "t_sleep_s": 1.3941832632012667,
    "t_load_s": 98.13254464161398,
    "t_offload_s": 3.0,
    "slept_mem_tp1_MB": 1825.6000000000001,
    "slept_mem_tpgt1_MB": 4096.0
  },
  "Qwen/Qwen3-4B": {
    "tp_min": 1,
    "t_wake_s": 1.6584244158118964,
    "t_sleep_s": 1.164482883486897,
    "t_load_s": 81.5588295794569,
    "t_offload_s": 3.0,
    "slept_mem_tp1_MB": 1827.6000000000001,
    "slept_mem_tpgt1_MB": 4096.0
  },
  "Qwen/Qwen3-0.6B": {
    "tp_min": 1,
    "t_wake_s": 1.6176910849288106,
    "t_sleep_s": 1.3448065330833199,
    "t_load_s": 69.86554265205741,
    "t_offload_s": 3.0,
    "slept_mem_tp1_MB": 1805.6000000000001,
    "slept_mem_tpgt1_MB": 4096.0
  },
  "meta-llama/Llama-3.2-3B-Instruct": {
    "tp_min": 1,
    "t_wake_s": 2.0,
    "t_sleep_s": 6.6504640674464195,
    "t_load_s": 127.58016591554686,
    "t_offload_s": 3.0,
    "slept_mem_tp1_MB": 1881.6000000000001,
    "slept_mem_tpgt1_MB": 4096.0
  },
  "meta-llama/Llama-3.1-8B-Instruct": {
    "tp_min": 1,
    "t_wake_s": 2.0,
    "t_sleep_s": 1.6220593199730502,
    "t_load_s": 128.73660926224255,
    "t_offload_s": 3.0,
    "slept_mem_tp1_MB": 1823.2000000000003,
    "slept_mem_tpgt1_MB": 4096.0
  },
  "meta-llama/Llama-3.2-1B-Instruct": {
    "tp_min": 1,
    "t_wake_s": 2.0,
    "t_sleep_s": 2.0,
    "t_load_s": 98.03649124959483,
    "t_offload_s": 3.0,
    "slept_mem_tp1_MB": 2048.0,
    "slept_mem_tpgt1_MB": 4096.0
  },
  "Qwen/Qwen3-4B-Instruct-2507": {
    "tp_min": 1,
    "t_wake_s": 2.0,
    "t_sleep_s": 2.0,
    "t_load_s": 152.83749954877757,
    "t_offload_s": 3.0,
    "slept_mem_tp1_MB": 2048.0,
    "slept_mem_tpgt1_MB": 4096.0
  },
  "Qwen/Qwen2.5-3B": {
    "tp_min": 1,
    "t_wake_s": 1.6504205768011162,
    "t_sleep_s": 1.3916502634386418,
    "t_load_s": 126.67497381384662,
    "t_offload_s": 3.0,
    "slept_mem_tp1_MB": 1644.0800000000002,
    "slept_mem_tpgt1_MB": 4096.0
  },
  "Qwen/Qwen2.5-4B": {
    "tp_min": 1,
    "t_wake_s": 2.0,
    "t_sleep_s": 2.0,
    "t_load_s": 90.0,
    "t_offload_s": 3.0,
    "slept_mem_tp1_MB": 2048.0,
    "slept_mem_tpgt1_MB": 4096.0
  },
  "Qwen/Qwen2.5-7B": {
    "tp_min": 1,
    "t_wake_s": 1.6539283314006754,
    "t_sleep_s": 1.3267817075077075,
    "t_load_s": 135.22102310327136,
    "t_offload_s": 3.0,
    "slept_mem_tp1_MB": 1199.416576,
    "slept_mem_tpgt1_MB": 4096.0
  }
}