{
  "Qwen/Qwen3-8B": {
    "tp_min": 1,
    "t_wake_s": 1.6133843949995936,
    "t_sleep_s": 1.3941832632012667,
    "t_load_s": 98.13254464161398,
    "t_offload_s": 3.0,
    "avg_latency_s": 60.0,
    "slept_mem_tp1_MB": 1825.6000000000001,
    "slept_mem_tpgt1_MB": 4096.0
  },
  "Qwen/Qwen3-4B": {
    "tp_min": 1,
    "t_wake_s": 1.6584244158118964,
    "t_sleep_s": 1.164482883486897,
    "t_load_s": 81.5588295794569,
    "t_offload_s": 3.0,
    "avg_latency_s": 60.0,
    "slept_mem_tp1_MB": 1827.6000000000001,
    "slept_mem_tpgt1_MB": 4096.0
  },
  "Qwen/Qwen3-0.6B": {
    "tp_min": 1,
    "t_wake_s": 1.6176910849288106,
    "t_sleep_s": 1.3448065330833199,
    "t_load_s": 69.86554265205741,
    "t_offload_s": 3.0,
    "avg_latency_s": 60.0,
    "slept_mem_tp1_MB": 1805.6000000000001,
    "slept_mem_tpgt1_MB": 4096.0
  },
  "meta-llama/Llama-3.2-3B-Instruct": {
    "tp_min": 1,
    "t_wake_s": 1.6827239475998796,
    "t_sleep_s": 3.6201330362208277,
    "t_load_s": 193.21253047187008,
    "t_offload_s": 3.0,
    "avg_latency_s": 29.483866719776447,
    "slept_mem_tp1_MB": 1372.3232000000003,
    "slept_mem_tpgt1_MB": 4096.0
  },
  "meta-llama/Llama-3.1-8B-Instruct": {
    "tp_min": 1,
    "t_wake_s": 2.0,
    "t_sleep_s": 1.6220593199730502,
    "t_load_s": 213.27832431175568,
    "t_offload_s": 3.0,
    "avg_latency_s": 50.33523314045885,
    "slept_mem_tp1_MB": 1823.2000000000003,
    "slept_mem_tpgt1_MB": 4096.0
  },
  "meta-llama/Llama-3.2-1B-Instruct": {
    "tp_min": 1,
    "t_wake_s": 1.7310585323999477,
    "t_sleep_s": 1.3522206322002241,
    "t_load_s": 169.3773379215403,
    "t_offload_s": 3.0,
    "avg_latency_s": 18.381967237070285,
    "slept_mem_tp1_MB": 1555.5200000000002,
    "slept_mem_tpgt1_MB": 4096.0
  },
  "Qwen/Qwen3-4B-Instruct-2507": {
    "tp_min": 1,
    "t_wake_s": 2.0,
    "t_sleep_s": 2.0,
    "t_load_s": 180.87142736985868,
    "t_offload_s": 3.0,
    "avg_latency_s": 161.8823724988504,
    "slept_mem_tp1_MB": 2048.0,
    "slept_mem_tpgt1_MB": 4096.0
  },
  "Qwen/Qwen2.5-3B": {
    "tp_min": 1,
    "t_wake_s": 1.6504205768011162,
    "t_sleep_s": 0.9955993364010692,
    "t_load_s": 195.56267611193726,
    "t_offload_s": 3.0,
    "avg_latency_s": 4.959296440898031,
    "slept_mem_tp1_MB": 1385.5712000000003,
    "slept_mem_tpgt1_MB": 4096.0
  },
  "Qwen/Qwen2.5-4B": {
    "tp_min": 1,
    "t_wake_s": 2.0,
    "t_sleep_s": 2.0,
    "t_load_s": 90.0,
    "t_offload_s": 3.0,
    "avg_latency_s": 60.0,
    "slept_mem_tp1_MB": 2048.0,
    "slept_mem_tpgt1_MB": 4096.0
  },
  "Qwen/Qwen2.5-7B": {
    "tp_min": 1,
    "t_wake_s": 1.6539283314006754,
    "t_sleep_s": 1.156974464606152,
    "t_load_s": 185.75548715889352,
    "t_offload_s": 3.0,
    "avg_latency_s": 32.59851211567777,
    "slept_mem_tp1_MB": 1136.3332608,
    "slept_mem_tpgt1_MB": 4096.0
  }
}