{
  "Qwen/Qwen3-8B": {
    "tp_min": 1,
    "t_wake_s": 1.6133843949995936,
    "t_sleep_s": 1.1753771733612524,
    "t_load_s": 193.23755723669092,
    "t_offload_s": 3.0,
    "avg_latency_s": 224.86659879165634,
    "slept_mem_tp1_MB": 1646.8800000000003,
    "slept_mem_tpgt1_MB": 4096.0
  },
  "Qwen/Qwen3-4B": {
    "tp_min": 1,
    "t_wake_s": 1.6584244158118964,
    "t_sleep_s": 0.995999216189352,
    "t_load_s": 148.75908994153787,
    "t_offload_s": 3.0,
    "avg_latency_s": 227.0403048656487,
    "slept_mem_tp1_MB": 1649.2800000000002,
    "slept_mem_tpgt1_MB": 4096.0
  },
  "Qwen/Qwen3-0.6B": {
    "tp_min": 1,
    "t_wake_s": 1.6176910849288106,
    "t_sleep_s": 0.9322685513950666,
    "t_load_s": 126.69291485930972,
    "t_offload_s": 3.0,
    "avg_latency_s": 20.654637633301647,
    "slept_mem_tp1_MB": 1332.4352000000003,
    "slept_mem_tpgt1_MB": 4096.0
  },
  "meta-llama/Llama-3.2-3B-Instruct": {
    "tp_min": 1,
    "t_wake_s": 1.0974272997838563,
    "t_sleep_s": 2.0191878376813945,
    "t_load_s": 174.89278379607768,
    "t_offload_s": 3.0,
    "avg_latency_s": 49.009692962227014,
    "slept_mem_tp1_MB": 1188.3734784000003,
    "slept_mem_tpgt1_MB": 4096.0
  },
  "meta-llama/Llama-3.1-8B-Instruct": {
    "tp_min": 1,
    "t_wake_s": 1.4031869267202277,
    "t_sleep_s": 1.2155501575633476,
    "t_load_s": 179.78784547068392,
    "t_offload_s": 3.0,
    "avg_latency_s": 86.20655360647862,
    "slept_mem_tp1_MB": 1368.7744000000005,
    "slept_mem_tpgt1_MB": 4096.0
  },
  "meta-llama/Llama-3.2-1B-Instruct": {
    "tp_min": 1,
    "t_wake_s": 1.0563931794363772,
    "t_sleep_s": 0.8854218924400205,
    "t_load_s": 149.4360750348932,
    "t_offload_s": 3.0,
    "avg_latency_s": 71.9874918636841,
    "slept_mem_tp1_MB": 1038.6129920000003,
    "slept_mem_tpgt1_MB": 4096.0
  },
  "Qwen/Qwen3-4B-Instruct-2507": {
    "tp_min": 1,
    "t_wake_s": 1.6603923761998887,
    "t_sleep_s": 1.6755862197998797,
    "t_load_s": 155.67279338409656,
    "t_offload_s": 3.0,
    "avg_latency_s": 169.05023556761446,
    "slept_mem_tp1_MB": 1825.6000000000001,
    "slept_mem_tpgt1_MB": 4096.0
  },
  "Qwen/Qwen2.5-3B": {
    "tp_min": 1,
    "t_wake_s": 1.0790829635125412,
    "t_sleep_s": 0.6559021962053878,
    "t_load_s": 179.75522974747196,
    "t_offload_s": 3.0,
    "avg_latency_s": 34.80492060414204,
    "slept_mem_tp1_MB": 1195.3484544000003,
    "slept_mem_tpgt1_MB": 4096.0
  },
  "Qwen/Qwen2.5-4B": {
    "tp_min": 1,
    "t_wake_s": 2.0,
    "t_sleep_s": 2.0,
    "t_load_s": 90.0,
    "t_offload_s": 3.0,
    "avg_latency_s": 60.0,
    "slept_mem_tp1_MB": 2048.0,
    "slept_mem_tpgt1_MB": 4096.0
  },
  "Qwen/Qwen2.5-7B": {
    "tp_min": 1,
    "t_wake_s": 1.3419181677208691,
    "t_sleep_s": 0.5537202828577085,
    "t_load_s": 153.6772301203398,
    "t_offload_s": 3.0,
    "avg_latency_s": 23.624019134695793,
    "slept_mem_tp1_MB": 966.684562898944,
    "slept_mem_tpgt1_MB": 4096.0
  },
  "Qwen/Qwen3-4B-Thinking-2507": {
    "tp_min": 1,
    "t_wake_s": 2.0,
    "t_sleep_s": 1.665844038600335,
    "t_load_s": 151.8416092271682,
    "t_offload_s": 3.0,
    "avg_latency_s": 267.77487213622953,
    "slept_mem_tp1_MB": 1825.6000000000001,
    "slept_mem_tpgt1_MB": 4096.0
  },
  "Qwen/Qwen3-14B": {
    "tp_min": 1,
    "t_wake_s": 2.0,
    "t_sleep_s": 2.0,
    "t_load_s": 90.0,
    "t_offload_s": 3.0,
    "avg_latency_s": 60.0,
    "slept_mem_tp1_MB": 2048.0,
    "slept_mem_tpgt1_MB": 4096.0
  },
  "meta-llama/llama-3.1-8B-Instruct": {
    "tp_min": 1,
    "t_wake_s": 2.0,
    "t_sleep_s": 2.0,
    "t_load_s": 90.0,
    "t_offload_s": 3.0,
    "avg_latency_s": 60.0,
    "slept_mem_tp1_MB": 2048.0,
    "slept_mem_tpgt1_MB": 4096.0
  }
}