{
  "Qwen/Qwen3-8B": {
    "tp_min": 1,
    "t_wake_s": 1.6133843949995936,
    "t_sleep_s": 1.3941832632012667,
    "t_load_s": 98.13254464161398,
    "t_offload_s": 3.0,
    "avg_latency_s": 60.0,
    "slept_mem_tp1_MB": 1825.6000000000001,
    "slept_mem_tpgt1_MB": 4096.0
  },
  "Qwen/Qwen3-4B": {
    "tp_min": 1,
    "t_wake_s": 1.6584244158118964,
    "t_sleep_s": 1.164482883486897,
    "t_load_s": 81.5588295794569,
    "t_offload_s": 3.0,
    "avg_latency_s": 60.0,
    "slept_mem_tp1_MB": 1827.6000000000001,
    "slept_mem_tpgt1_MB": 4096.0
  },
  "Qwen/Qwen3-0.6B": {
    "tp_min": 1,
    "t_wake_s": 1.6176910849288106,
    "t_sleep_s": 1.3448065330833199,
    "t_load_s": 69.86554265205741,
    "t_offload_s": 3.0,
    "avg_latency_s": 60.0,
    "slept_mem_tp1_MB": 1805.6000000000001,
    "slept_mem_tpgt1_MB": 4096.0
  },
  "meta-llama/Llama-3.2-3B-Instruct": {
    "tp_min": 1,
    "t_wake_s": 1.6827239475998796,
    "t_sleep_s": 2.969469407376681,
    "t_load_s": 175.59880754049613,
    "t_offload_s": 3.0,
    "avg_latency_s": 50.14517148770391,
    "slept_mem_tp1_MB": 1385.4585600000005,
    "slept_mem_tpgt1_MB": 4096.0
  },
  "meta-llama/Llama-3.1-8B-Instruct": {
    "tp_min": 1,
    "t_wake_s": 2.0,
    "t_sleep_s": 1.6220593199730502,
    "t_load_s": 191.47471560860458,
    "t_offload_s": 3.0,
    "avg_latency_s": 43.82842736431196,
    "slept_mem_tp1_MB": 1823.2000000000003,
    "slept_mem_tpgt1_MB": 4096.0
  },
  "meta-llama/Llama-3.2-1B-Instruct": {
    "tp_min": 1,
    "t_wake_s": 1.7310585323999477,
    "t_sleep_s": 1.114355869360141,
    "t_load_s": 155.3177087878323,
    "t_offload_s": 3.0,
    "avg_latency_s": 21.009768768109353,
    "slept_mem_tp1_MB": 1380.4160000000002,
    "slept_mem_tpgt1_MB": 4096.0
  },
  "Qwen/Qwen3-4B-Instruct-2507": {
    "tp_min": 1,
    "t_wake_s": 2.0,
    "t_sleep_s": 2.0,
    "t_load_s": 165.552974314687,
    "t_offload_s": 3.0,
    "avg_latency_s": 174.3719183894317,
    "slept_mem_tp1_MB": 2048.0,
    "slept_mem_tpgt1_MB": 4096.0
  },
  "Qwen/Qwen2.5-3B": {
    "tp_min": 1,
    "t_wake_s": 1.6504205768011162,
    "t_sleep_s": 0.9955993364010692,
    "t_load_s": 178.33276887054978,
    "t_offload_s": 3.0,
    "avg_latency_s": 8.819858753122386,
    "slept_mem_tp1_MB": 1385.5712000000003,
    "slept_mem_tpgt1_MB": 4096.0
  },
  "Qwen/Qwen2.5-4B": {
    "tp_min": 1,
    "t_wake_s": 2.0,
    "t_sleep_s": 2.0,
    "t_load_s": 90.0,
    "t_offload_s": 3.0,
    "avg_latency_s": 60.0,
    "slept_mem_tp1_MB": 2048.0,
    "slept_mem_tpgt1_MB": 4096.0
  },
  "Qwen/Qwen2.5-7B": {
    "tp_min": 1,
    "t_wake_s": 1.6539283314006754,
    "t_sleep_s": 0.9765515664848872,
    "t_load_s": 170.9438764895148,
    "t_offload_s": 3.0,
    "avg_latency_s": 14.15740120131742,
    "slept_mem_tp1_MB": 1085.86660864,
    "slept_mem_tpgt1_MB": 4096.0
  }
}